"","c.alb.jan","c.alb.feb","c.alb.mar","c.alb.apr","c.alb.may","c.alb.jun","c.alb.jul","c.alb.aug","c.alb.sep","c.alb.oct","c.alb.nov","c.alb.dec"
"2152",0,0,0,0,0,0,0,0,0,0,0,0
"3146",0,0,0,0,0,0,0,0,0,0,0,0
"3152",-0.1753725,-0.186705,-0.127385,-0.0575266666666667,-0.04836575,-0.0388375,-0.03578,-0.037025,-0.03416,-0.0438466666666667,-0.07232,-0.13017
"3280",0,0,0,0,0,0,0,0,0,0,0,0
"3281",0.15109,0.17007,0.0999275,0.0247133333333333,0.016835,0.002865,0.0067625,0.007115,0.00661,0.02146,0.0647625,0.16169
"3395",-2.49999999998862e-06,2.49999999998862e-06,-2.50000000001638e-06,0,0,0,0,0,0,0,0,0
"3571",0,2.5000000000025e-06,0,0,0,0,0,0,0,0,0,0
"3708",0,0,0,0,0,0,0,0,0,0,0,0
"3709",-0.175105,-0.18513,-0.1279875,-0.05159,-0.0474825,-0.0357575,-0.0325075,-0.03575,-0.03347,-0.04372,-0.074525,-0.14356
"3853",0,0,0,0,0,0,0,0,0,0,0,0
"3854",0.0266625,0.021715,0.023325,0.008298,0.020187,0.03231625,0.03214,0.0287515,0.02608825,0.018706,0.000236000000000004,0.00802749999999999
"3875",0.02514,0.0162825,0.0174375,0.00709800000000001,0.0195015,0.03063625,0.02942,0.0279365,0.02610075,0.018486,-0.000858999999999999,0.00986000000000001
"3956",0,0,2.50000000001638e-06,0,0,0,0,0,0,0,0,0
"3989",0.17448,0.1844475,0.11601,0.05011,0.04708075,0.0342125,0.0308325,0.034975,0.033125,0.0436633333333333,0.07155,0.143515
"4015",0,0,0,0,0,0,0,0,0,0,0,0
"4016",NA,NA,NA,NA,NA,NA,NA,NA,NA,NA,NA,NA
"4095",5.000000000005e-06,-2.50000000001638e-06,0,0,0,0,0,0,0,0,0,-2.49999999998862e-06
"4096",-5.000000000005e-06,-2.49999999998862e-06,0,0,0,0,0,0,0,0,0,2.50000000001638e-06
"4097",2.49999999998862e-06,-2.49999999998862e-06,0,0,0,0,0,0,0,0,0,-5.000000000005e-06
"4098",2.50000000004413e-06,0,1.38777878078145e-17,0,0,0,0,0,0,0,0,-2.49999999998862e-06
"4137",0,0,0,0,0,0,0,0,0,0,0,0
"4243",2.49999999998862e-06,2.50000000001638e-06,0,0,0,0,0,0,0,0,0,0
"4246",2.5000000000025e-06,-2.5000000000025e-06,-2.49999999998862e-06,0,0,0,0,0,0,0,0,0
"4285",0,0,0,0,0,0,0,0,0,0,0,0
"4292",0.057935,0.0374925,0.04355,0.0287046666666667,0.05130575,0.06532875,0.05868,0.0582415,0.05511075,0.0423193333333333,0.00790100000000001,0.0293366666666667
"4392",0.1796975,0.1803025,0.1236575,0.05145,0.0455695,0.02883,0.023675,0.03305,0.0333675,0.04315,0.0727975,0.1429475
"4397",-0.14648,-0.1701125,-0.09574,-0.0305266666666667,-0.0171,-0.0021425,-0.0058925,-0.0090725,-0.0090575,-0.0218033333333333,-0.05701,-0.10035
"4399",-0.1532025,-0.1701825,-0.1120625,-0.0439866666666667,-0.0170775,-0.00218,-0.00589750000000001,-0.00882,-0.008825,-0.0217633333333333,-0.075305,-0.14881
"4400",-0.0497475,-0.0400425,-0.0293125,-0.0236666666666667,-0.05062075,-0.06556375,-0.0590375,-0.056704,-0.05127825,-0.040716,0.00179849999999999,0.0207325
"4407",2.5000000000025e-06,0,0,0,0,0,0,0,0,0,0,0
"4431",0.0557825,0.0357175,0.0389075,0.028178,0.05125575,0.06536625,0.0587725,0.0581015,0.05467825,0.0421593333333333,0.00934275,0.0106275
"4547",-0.153055,-0.1646225,-0.0867,-0.0273133333333333,-0.01702,-0.00225,-0.00584,-0.0080625,-0.0080325,-0.0215433333333333,-0.0539525,-0.09155
"4548",-0.1517375,-0.169695,-0.095985,-0.02966,-0.0170075,-0.00227,-0.00584750000000002,-0.007945,-0.0079075,-0.02152,-0.057845,-0.109305
"4551",0.17417,0.1824925,0.11561,0.0487833333333333,0.04634075,0.031295,0.02773,0.0332725,0.0324125,0.0439333333333333,0.0749725,0.143755
"4553",0.024375,0.013715,0.022775,0.01992,0.0295,0.029255,0.022355,0.0259325,0.0251225,0.0222966666666667,0.00663,0.00385749999999999
"4681",0.0288525,0.0109225,0.0267125,0.0185133333333333,0.02852025,0.0267675,0.0185575,0.0234475,0.0236925,0.02157,0.00813749999999999,0.01991
"4706",0.0301025,0.0259975,0.017055,0.009418,0.02106375,0.03519125,0.0343775,0.030644,0.02723575,0.018666,-0.000792500000000002,0.0119625
"4712",0,0,0,0,0,0,0,0,0,0,0,0
"4743",0.00448666666666667,0.0102025,0.0194075,0.006868,0.01959425,0.03310375,0.030895,0.0293015,0.02760825,0.0183126666666667,-0.001209,-0.00459
"4960",0.2087425,0.2095875,0.1466525,0.0591646666666667,0.06779325,0.06769125,0.06501,0.065844,0.06029575,0.0624423333333333,0.076435,0.1579175
"5020",0,0,0,0,0,0,0,0,0,0,0,0
"5159",-0.0108275,-0.013735,-0.0228725,-0.006498,-0.02042525,-0.03504875,-0.0326575,-0.0305415,-0.02831075,-0.0183426666666667,0.0012215,0.00172
"5164",0.0207425,0.012725,0.0168675,0.00685466666666668,0.02023825,0.03494875,0.0324325,0.0304165,0.02834575,0.0182456666666667,-0.00117675,0.00239000000000001
"5224",-2.50000000001638e-06,4.99999999997724e-06,0,0,0,0,0,0,0,0,0,0
"5256",-0.145845,-0.1677575,-0.0913,-0.0231733333333333,-0.01702,-0.0020125,-0.00542250000000001,-0.00795250000000001,-0.00801499999999999,-0.0214333333333333,-0.055285,-0.0940575
"5281",-0.02912,-0.01967,-0.034515,-0.0204733333333333,-0.030026,-0.0293225,-0.0248425,-0.0265275,-0.026285,-0.0237033333333333,-0.00787,-0.01492
"5282",-0.043555,-0.0452975,-0.0524125,-0.0291713333333333,-0.05145325,-0.06559625,-0.0593125,-0.0579815,-0.05447575,-0.042296,-0.0070535,-0.00526749999999999
"5283",0.0248725,-0.013455,-0.00926,-0.00979133333333334,-0.02131625,-0.03612125,-0.0341925,-0.031324,-0.02810825,-0.0185126666666667,0.000848999999999999,0.00865249999999999
"5298",NA,NA,NA,NA,-0.0236866666666667,-0.03565875,-0.0332075,-0.030954,-0.0300016666666667,NA,NA,NA
"5399",-0.14439,-0.161315,-0.0930925,-0.0228466666666667,-0.016995,-0.00198499999999999,-0.00535000000000001,-0.007815,-0.00787999999999999,-0.02137,-0.0613925,-0.093455
"5510",-2.50000000001638e-06,-7.49999999999362e-06,0,0,0,0,0,0,0,0,0,0
"5511",0,2.5000000000025e-06,0,0,0,0,0,0,0,0,0,0
"5528",0.202145,0.2083275,0.14363,0.0567513333333333,0.06789325,0.06765875,0.064995,0.065554,0.06009825,0.0624886666666667,0.074406,0.15748
"5531",-0.15085,-0.167555,-0.0862225,-0.02483,-0.0171475,-0.00177000000000001,-0.00525249999999999,-0.00876500000000001,-0.0088425,-0.02158,-0.056895,-0.103395
"5532",-0.1506875,-0.1674275,-0.08782,-0.02547,-0.017135,-0.00178749999999999,-0.00525,-0.0086625,-0.0087525,-0.0215633333333333,-0.05726,-0.10492
"5560",0.0308075,0.014425,0.020745,0.0199666666666667,0.0294955,0.02806,0.0235025,0.025405,0.0252875,0.0234133333333333,0.0078,0.0161325
"5670",0,0,0,0,0,0,0,0,0,0,0,0
"5688",0.148225,0.167655,0.09585,0.0227466666666667,0.01688,0.00198,0.005215,0.00729999999999999,0.0072775,0.02149,0.063925,0.1158625
"5689",0.1766225,0.1796,0.117245,0.0410966666666667,0.0454445,0.0282525,0.0258125,0.030725,0.030885,0.04373,0.073495,0.1359075
"5702",0.16842,0.1799575,0.12104,0.04519,0.0459485,0.029845,0.02853,0.031335,0.0307375,0.0439533333333333,0.06375,0.1012375
"5703",-0.030235,-0.01433,-0.00938749999999999,-0.02092,-0.02946825,-0.02776,-0.02343,-0.0252225,-0.02521,-0.02354,-0.009415,-0.0200625
"5789",-2.49999999998862e-06,0,0,0,0,0,0,0,0,0,0,0
"5796",-2.49999999998862e-06,-2.50000000001638e-06,0,0,0,0,0,0,0,0,0,0
"5956",-0.1489325,-0.167275,-0.0954825,-0.0312166666666667,-0.0171425,-0.001625,-0.0050325,-0.0087,-0.008785,-0.0216066666666667,-0.06647,-0.1409375
"5961",0,0,0,0,0,0,0,0,0,0,0,0
"5962",0,0,0,0,0,0,0,0,0,0,0,0
"5963",0,0,0,0,0,0,0,0,0,0,0,0
"5978",0.18863,0.201915,0.1409075,0.055068,0.06796325,0.06778375,0.06483,0.064074,0.05930575,0.063716,0.07307275,0.111815
"6084",0.36552,0.3385225,0.18782,0.0278,0.021965,0.00766,0.0238775,0.0306775,0.0340475,0.04532,0.1480925,0.302895
"6148",0.04543,0.039135,0.0542775,0.028828,0.05221575,0.06587375,0.0598025,0.0581065,0.05584075,0.0436866666666667,0.0088835,0.015915
"6149",0.0363625,0.020115,0.0375875,0.0203333333333333,0.03055725,0.02674,0.0238525,0.0249875,0.025755,0.02549,0.0083975,0.0192266666666667
"6150",0,0,0,0,0,0,0,0,0,0,0,0
"6156",0.0365825,0.026045,0.030175,0.0220733333333333,0.03099575,0.0270275,0.0245075,0.025295,0.02602,0.0259533333333333,0.0085125,0.01629
"6233",0.1739275,0.1713025,0.114715,0.0481266666666667,0.043973,0.0239325,0.020525,0.02834,0.031085,0.0437666666666667,0.0724625,0.13341
"6280",0,0,0,0,0,0,0,0,0,0,0,0
"6384",0,0,0,0,0,0,0,0,0,0,0,0
"6386",0,0,0,0,0,0,0,0,0,0,0,0
"6390",0,0,0,0,0,0,0,0,0,0,0,0
"6402",0,0,0,0,0,0,0,0,0,0,0,0
"6420",0.1918625,0.1971175,0.1441475,0.058338,0.06800075,0.06793375,0.0648075,0.0636865,0.05952075,0.062258,0.06810525,0.134835
"6423",0.1909225,0.1965825,0.1427375,0.0533246666666667,0.06800075,0.06797125,0.0648075,0.063654,0.05958575,0.0625396666666667,0.0717875,0.1390375
"6560",0.025065,0.014255,0.010145,0.0205366666666667,0.029278,0.02559,0.022395,0.0237125,0.024285,0.0243,-0.00026,-0.0332
"6561",0.024315,0.0235,0.037315,0.01915,0.029347,0.02559,0.022445,0.0237425,0.02434,0.0244066666666667,0.0098075,0.0184475
"6564",0.0282,0.015395,0.039,0.0191866666666667,0.0295495,0.025535,0.0225475,0.0237875,0.0244825,0.0246933333333333,0.0077175,-0.00462500000000001
"6565",0.1978025,0.1958875,0.147275,0.0535213333333333,0.06801075,0.06795625,0.064805,0.0636565,0.05961075,0.062357,0.072781,0.14296
"6574",0,0,0,0,0,0,0,0,0,0,0,0
"6637",-2.49999999998862e-06,2.49999999998862e-06,0,0,0,0,0,0,0,0,0,2.49999999998862e-06
"6646",0.34373,0.33677,0.1869925,0.0274533333333333,0.0220525,0.00759999999999999,0.023695,0.03125,0.033605,0.0465633333333333,0.142015,0.3001975
"6657",-5.000000000005e-06,-2.49999999998862e-06,2.49999999998862e-06,0,0,0,0,0,0,0,0,0
"6732",0,0,0,0,0,0,0,0,0,0,0,0
"6733",0,0,0,0,0,0,0,0,0,0,0,0
"6734",0,0,0,0,0,0,0,0,0,0,0,0
"6737",0,0,0,0,0,0,0,0,0,0,0,0
"6738",0.00940499999999999,0.015975,0.0057,0.00539466666666667,0.0210345,0.03752125,0.0330475,0.031174,0.03050325,0.0180126666666667,-0.00191075,-0.00325000000000001
"6741",0.0272025,0.0291975,0.0433925,0.02322,0.0325495,0.0294275,0.0283575,0.02709,0.0259075,0.0259633333333333,0.0091325,0.012015
"6773",2.50000000001638e-06,-2.49999999998862e-06,-2.5000000000025e-06,0,0,0,0,0,0,0,0,-1.38777878078145e-17
"6791",0.34172,0.3458375,0.185925,0.0370733333333333,0.0222725,0.00760999999999999,0.023705,0.0313875,0.0337675,0.05171,0.14394,0.2852575
"6810",0.02533,0.0080325,0.027315,0.0174866666666667,0.027015,0.0230175,0.017325,0.0202625,0.02184,0.0222166666666667,0.010495,0.011315
"6916",-2.50000000001638e-06,-5.000000000005e-06,0,0,0,0,0,0,0,0,0,0
"6917",-2.49999999998862e-06,-2.77555756156289e-17,0,0,0,0,0,0,0,0,0,0
"6918",0,2.49999999998862e-06,0,0,0,0,0,0,0,0,0,2.50000000001638e-06
"6920",-2.49999999998862e-06,-2.77555756156289e-17,0,0,0,0,0,0,0,0,0,-2.49999999998862e-06
"6922",0,2.49999999998862e-06,0,0,0,0,0,0,0,0,0,0
"6924",0,0,-2.49999999998862e-06,0,0,0,0,0,0,0,0,0
"6926",5.000000000005e-06,-4.99999999997724e-06,0,0,0,0,0,0,0,0,0,2.49999999998862e-06
"6927",-2.49999999998862e-06,-2.49999999998862e-06,0,0,0,0,0,0,0,0,0,0
"6960",0.05294,0.0432775,0.0525025,0.0286746666666667,0.05122825,0.06613875,0.0603075,0.0567815,0.05159075,0.0415156666666667,0.0069335,0.02753
"6969",0.00258000000000001,0.0254825,0.01698,0.010208,0.02350325,0.04179625,0.040025,0.034994,0.02974825,0.018616,-0.000921499999999999,-9.99999999999959e-05
"6974",0.0405166666666667,0.01627,0.0342475,0.0183633333333333,0.028255,0.024525,0.0208775,0.0225,0.0229725,0.02355,0.0076025,0.00681
"6975",0,0,0,0,0,0,0,0,0,0,0,0
"7118",0.02634,0.013115,0.0228825,0.0184833333333333,0.02831,0.02434,0.020975,0.02243,0.022945,0.02377,-0.0017125,-0.0212725
"7123",0,0,0,0,0,0,0,0,0,0,0,0
"7208",-2.49999999998862e-06,-2.49999999998862e-06,0,0,0,0,0,0,0,0,0,0
"7214",0.3393525,0.342135,0.16811,0.0388,0.0223825,0.00754000000000001,0.02362,0.0318,0.0334125,0.05286,0.1506125,0.276275
"7233",0.1504725,0.164195,0.0847575,0.0223833333333333,0.017015,0.001225,0.00445000000000001,0.00839750000000001,0.0084275,0.02105,0.063665,0.1127325
"7234",0.03754,0.0143775,0.0284525,0.0171,0.02673,0.02256,0.0172275,0.0199825,0.02166,0.0225166666666667,0.00863750000000001,0.02033
"7264",-0.16671,-0.1792325,-0.116905,-0.0417233333333333,-0.04464375,-0.025715,-0.025655,-0.028655,-0.0287825,-0.0441333333333333,-0.0713,-0.1262575
"7275",0.0299525,0.01629,0.03447,0.0198366666666667,0.0292025,0.023925,0.0215375,0.0224175,0.023215,0.0254433333333333,0.0089525,0.01371
"7365",0.3459775,0.3530825,0.1701,0.03751,0.0239575,0.00748500000000001,0.0232925,0.0316175,0.033915,0.0532666666666667,0.1379225,0.3080975
"7370",0.14506,0.1636475,0.087785,0.0222266666666667,0.01706,0.001115,0.004395,0.0086825,0.00849,0.0212333333333333,0.068345,0.1422875
"7389",0.0511325,0.0348625,0.0427975,0.0283113333333333,0.05141325,0.06623625,0.060475,0.0568865,0.05184075,0.0417726666666667,0.007521,0.017015
"7392",0.0402725,0.0193675,0.032285,0.0180266666666667,0.027575,0.0236525,0.0197725,0.0215975,0.02212,0.02327,0.0078625,0.0127175
"7393",0,0,0,0,0,0,0,0,0,0,0,0
"7395",0.03497,0.0119025,0.0330075,0.0181433333333333,0.027755,0.023795,0.0201475,0.0218025,0.022285,0.02345,0.00758,0.01373
"7514",0.1485875,0.16157,0.0828775,0.0223766666666667,0.01701,0.0011025,0.00434499999999999,0.008525,0.008395,0.0209166666666667,0.063515,0.11747
"7530",0,0,0,0,0,0,0,0,0,0,0,0
"7531",0,0,0,0,0,0,0,0,0,0,0,0
"7533",0.0332,0.0112075,0.03343,0.0179966666666667,0.027465,0.0234875,0.01967,0.021485,0.02199,0.0232966666666667,0.0076675,0.0123125
"7534",0.033695,0.011365,0.0313875,0.01804,0.0275225,0.023545,0.0198125,0.021545,0.022035,0.0233566666666667,0.007505,0.01455
"7535",0.030135,0.0115475,0.03281,0.0180766666666667,0.027575,0.02359,0.0199325,0.0216075,0.0220975,0.02341,0.007455,0.012245
"7649",0.1491825,0.1615775,0.0839275,0.02768,0.0170425,0.000977499999999999,0.00430749999999999,0.0088775,0.0083625,0.02078,0.068925,0.13303
"7650",0.14941,0.1618975,0.0857375,0.0262833333333333,0.0170375,0.000990000000000012,0.00430249999999999,0.008825,0.0083725,0.0207966666666667,0.067905,0.129915
"7665",0.14419,0.16617,0.0886075,0.0279466666666667,0.0168275,0.00117249999999999,0.0042975,0.007915,0.00806249999999999,0.02083,0.067025,0.1497225
"7666",0.02465,0.00978499999999999,0.024245,0.0176566666666667,0.0269025,0.022855,0.0184475,0.020695,0.0215925,0.0229666666666667,0.0085,0.00614750000000001
"7776",0,-2.49999999998862e-06,0,0,0,0,0,0,0,0,0,-1.38777878078145e-17
"7797",0.044365,0.0491175,0.0437825,0.0289346666666667,0.05124325,0.06650625,0.0608175,0.056559,0.05151825,0.0417426666666667,0.006861,0.0252425
"7798",0.144205,0.1631625,0.0800725,0.0221466666666667,0.0169425,0.00102749999999999,0.00425,0.00846000000000002,0.008275,0.0207766666666667,0.0658775,0.142605
"7800",0.144515,0.164285,0.079025,0.0222033333333333,0.01692,0.00104750000000001,0.00425499999999999,0.0083425,0.00825,0.0207833333333333,0.0663625,0.1469925
"7801",0.1449025,0.16459,0.08259,0.0222266666666667,0.0169075,0.0010575,0.00425500000000001,0.0082825,0.008235,0.0207866666666667,0.0669725,0.14595
"7914",0,-2.49999999998862e-06,0,0,0,0,0,0,0,0,0,-2.49999999998862e-06
"7915",0,-2.49999999998862e-06,0,0,0,0,0,0,0,0,0,0
"7936",0.1460125,0.1620425,0.0804075,0.0219733333333333,0.0169475,0.000942499999999999,0.00421249999999999,0.0086425,0.0082,0.02065,0.0673925,0.1286925
"7937",0.14718,0.1623475,0.0791825,0.0220033333333333,0.01694,0.000950000000000013,0.0042125,0.00859,0.0082025,0.0206633333333333,0.0631475,0.1306125
"7938",0.1491225,0.162265,0.0801425,0.0220333333333333,0.0169325,0.000962500000000005,0.00421,0.00854,0.00820749999999999,0.0206766666666667,0.0637975,0.121775
"7944",0.1440125,0.1647225,0.08647,0.0224266666666667,0.016855,0.00102749999999999,0.00421,0.0082,0.00815999999999999,0.02072,0.07088,0.158995
"7960",0.0417775,0.01199,0.0372875,0.0180933333333333,0.027395,0.0233,0.0199975,0.021495,0.0218425,0.02363,0.0083275,0.0211925
"8069",0.148995,0.15844,0.0809375,0.0222666666666667,0.016945,0.000812500000000001,0.00421750000000001,0.0090375,0.00798500000000001,0.0203966666666667,0.06935,0.12449
"8070",0.1505625,0.158145,0.08156,0.02167,0.0169375,0.000824999999999999,0.004205,0.00898999999999999,0.0079975,0.0204166666666667,0.06874,0.1169875
"8074",0.1484625,0.160205,0.0831925,0.0219166666666667,0.0169275,0.000862499999999995,0.004195,0.008805,0.00808,0.0205,0.06815,0.12886
"8079",0.145055,0.16217,0.07873,0.0219466666666667,0.0169,0.000917500000000002,0.00417499999999999,0.00855750000000001,0.0081225,0.0205766666666667,0.06651,0.13428
"8080",0.1478325,0.162155,0.079775,0.02198,0.0168925,0.000925000000000002,0.0041725,0.00851,0.008135,0.0205933333333333,0.06774,0.12979
"8095",0,0,0,0,0,0,0,0,0,0,0,0
"8102",0,0,0,0,0,0,0,0,0,0,0,0
"8238",0.1708325,0.178625,0.1178225,0.0405666666666667,0.04355,0.02402,0.0236525,0.0287975,0.0292625,0.0439833333333333,0.0642625,0.11882
"8330",2.49999999998862e-06,-2.49999999998862e-06,-2.49999999998862e-06,0,0,0,0,0,0,0,0,-2.49999999998862e-06
"8331",0,-4.99999999997724e-06,0,0,0,0,0,0,0,0,0,0
"8500",0.1456125,0.1597625,0.0794425,0.0216133333333333,0.01677,0.000769999999999993,0.004105,0.00871,0.00780749999999999,0.0202033333333333,0.069395,0.141185
"8831",0,0,0,0,0,0,0,0,0,0,0,0
"8834",0.1691475,0.1829,0.123915,0.04242,0.04500625,0.0251275,0.0266775,0.03004,0.0273675,0.0446033333333333,0.0612425,0.111505
"8835",0.16547,0.1806125,0.11915,0.04246,0.04505825,0.025145,0.0267375,0.0300975,0.027305,0.0446166666666667,0.060905,0.105725
"8836",0.1338225,0.165705,0.08186,0.0238866666666667,0.0156925,0.000947500000000004,0.00427,0.00708499999999999,0.00545999999999999,0.01803,0.05278,0.08609
"8840",NA,NA,NA,NA,NA,NA,NA,NA,NA,NA,NA,NA
"8841",NA,NA,NA,NA,-0.06818325,-0.06748875,-0.0651475,-0.0643965,-0.05975575,NA,NA,NA
"8939",0.14009,0.1638875,0.0853425,0.0220966666666667,0.01648,0.000737499999999995,0.00403750000000001,0.0080575,0.00770749999999999,0.0200366666666667,0.066295,0.144165
"9033",-2.49999999998862e-06,2.49999999998862e-06,0,0,0,0,0,0,0,0,0,2.5000000000025e-06
"9037",0,0,0,0,0,0,0,0,0,0,0,-2.5000000000025e-06
"9039",-4.99999999997724e-06,-2.49999999998862e-06,0,0,0,0,0,0,0,0,0,-2.50000000001638e-06
"9105",0.032555,0.015605,0.0377725,0.0188833333333333,0.02816625,0.024,0.021935,0.022975,0.022225,0.0261,0.007995,0.0101725
"9187",0,-2.50000000001638e-06,0,0,0,0,0,0,0,0,0,0
"9199",-0.19769,-0.18082,-0.0640625,-0.01103,-0.00735,-0.00666249999999999,-0.0191075,-0.02394,-0.02508,-0.02515,-0.07562,-0.1692775
"9200",NA,NA,NA,NA,NA,NA,NA,NA,NA,NA,NA,NA
"9203",NA,NA,NA,NA,NA,NA,NA,NA,NA,NA,NA,NA
"9335",0.331135,0.3222975,0.146595,0.0309766666666667,0.0226825,0.00717,0.0235175,0.0333425,0.0319,0.0436766666666667,0.1582925,0.29844
"9344",NA,NA,NA,NA,NA,NA,NA,NA,NA,NA,NA,NA
"9355",0.138845,0.15907,0.0764325,0.0214533333333333,0.0163625,0.000605000000000008,0.00403000000000001,0.00850999999999999,0.0075075,0.01965,0.0681775,0.133735
"9358",-0.1853325,-0.18792,-0.0765225,-0.0145733333333333,-0.0101475,-0.00632750000000001,-0.01742,-0.0229875,-0.0260275,-0.0278166666666667,-0.0701575,-0.1657875
"9359",0.1880775,0.18888,0.0762475,0.01473,0.010255,0.0062975,0.017295,0.0229,0.0260925,0.0279666666666667,0.06964,0.167175
"9452",0,-4.99999999997724e-06,0,0,0,0,0,0,0,0,0,0
"9499",0.1723025,0.1868375,0.075355,0.0146066666666667,0.0100625,0.00635999999999999,0.0175025,0.023095,0.0259525,0.02769,0.06845,0.164595
"9502",0.1829475,0.176565,0.1126375,0.04032,0.04294,0.0236275,0.02402,0.030885,0.030165,0.0440966666666667,0.068985,0.1272675
"9506",0,0,0,0,0,0,0,0,0,0,0,0
"9512",0.335005,0.360485,0.1835325,0.0385666666666667,0.027365,0.00659750000000001,0.02,0.02987,0.033945,0.04886,0.135275,0.35999
"9514",0.330395,0.362395,0.1830825,0.0388566666666667,0.02747,0.00656,0.01981,0.0296325,0.03392,0.0489666666666667,0.1339675,0.3585325
"9658",0.1835375,0.183115,0.1165075,0.0415133333333333,0.0435575,0.02441,0.0258675,0.031175,0.0292575,0.04439,0.0686975,0.1324
"9663",0.14252,0.16734,0.0848075,0.0229333333333333,0.01618,0.00065500000000001,0.00433249999999999,0.00782250000000001,0.00651749999999999,0.0184466666666667,0.0553875,0.1091925
"9665",0.13906,0.16739,0.0846,0.0229966666666667,0.0162125,0.000689999999999996,0.00439749999999999,0.00781,0.00638499999999999,0.0182,0.05542,0.0924125
"9666",0,0,0,0,0,0,0,0,0,0,0,0
"9667",0,0,0,0,0,0,0,0,0,0,0,0
"9809",0.18174,0.18161,0.1095675,0.0420566666666667,0.04430325,0.0250725,0.027015,0.0318075,0.0286725,0.0445833333333333,0.0658425,0.114705
"9818",0.1415225,0.167725,0.08031,0.0230133333333333,0.016205,0.000767499999999997,0.00470250000000001,0.00798750000000001,0.00586999999999999,0.0172366666666667,0.05587,0.0908225
"9822",-0.1744525,-0.18498,-0.115125,-0.04825,-0.045181,-0.0253325,-0.02766,-0.03208,-0.02744,-0.0447693333333333,-0.0707225,-0.127285
"9823",0.3401475,0.38957,0.211765,0.05964,0.05667975,0.031035,0.04175,0.0524125,0.05358,0.0739423333333333,0.1328,0.2254175
"9839",0.1378825,0.1687475,0.0838475,0.0228166666666667,0.015785,0.000760000000000004,0.00510499999999999,0.00856749999999999,0.00479249999999999,0.0171533333333333,0.058165,0.085575
"9840",0.1402025,0.168725,0.085675,0.0262666666666667,0.0157825,0.000762500000000006,0.0051275,0.00860499999999999,0.00473999999999999,0.0171633333333333,0.0630075,0.0958725
"9955",0.1813375,0.183955,0.1081525,0.04234,0.0447015,0.025335,0.02753,0.032295,0.0283225,0.0446883333333333,0.0613275,0.10681
"9957",0.13273,0.16743,0.0772525,0.02306,0.0163,0.000774999999999991,0.0047625,0.00810999999999999,0.005985,0.0171066666666667,0.0532375,0.081845
"9958",0.0418025,0.017015,0.0359925,0.01944,0.0286375,0.0246175,0.0229,0.0242275,0.0220875,0.027636,0.008465,0.0119925
"9981",0.1407525,0.1586675,0.0821525,0.0250766666666667,0.015865,0.000785000000000001,0.0052475,0.0087675,0.0047925,0.0170666666666667,0.054965,0.079035
"9982",0.1444375,0.16721,0.081955,0.0261566666666667,0.0158675,0.000789999999999999,0.00527,0.008805,0.00474749999999999,0.0170833333333333,0.055835,0.0785025
"9984",0.142905,0.16866,0.0805075,0.0243666666666667,0.0158675,0.000805,0.00531500000000001,0.008865,0.0046675,0.0171166666666667,0.05597,0.0822625
"9986",0.14263,0.1689325,0.0876575,0.0224133333333333,0.01587,0.000812500000000001,0.00536,0.00893250000000001,0.00459999999999999,0.0171633333333333,0.0653425,0.0840675
"9987",0.14118,0.168955,0.0921975,0.0223633333333333,0.0158725,0.000812499999999994,0.00537749999999999,0.00896750000000001,0.0045675,0.0171866666666667,0.0696825,0.084655
"9994",0.1781375,0.206435,0.12574,0.0501546666666667,0.06835325,0.06735875,0.0664725,0.066484,0.05987575,0.062536,0.0636885,0.079545
"9995",0.02636,0.037695,0.04912,0.0278346666666667,0.05249825,0.06654125,0.0609625,0.057314,0.05545825,0.0450793333333333,0.007251,0.0109
"10072",0.136085,0.16227,0.08018,0.0218466666666667,0.01588,0.000480000000000001,0.00413,0.00839,0.0071775,0.0189933333333333,0.0562075,0.1009425
"10077",0.139665,0.16478,0.08697,0.0222333333333333,0.0159025,0.000487500000000002,0.004205,0.00827749999999999,0.00700249999999999,0.01879,0.06682,0.1487175
"10125",-0.00330250000000001,-0.0187525,-0.00437,-0.005758,-0.02275525,-0.04235125,-0.03757,-0.032674,-0.03389075,-0.01756,0.0013565,0.005495
"10126",0,0,0,0,0,0,0,0,0,0,0,0
"10136",0.0260766666666667,0.0375475,0.050825,0.0277713333333333,0.05244325,0.06653625,0.060955,0.0572965,0.05539325,0.0451493333333333,0.0074785,0.01079
"10137",0.01245,0.03905,0.044885,0.0278313333333333,0.05245075,0.06654125,0.0609675,0.057309,0.05540825,0.045106,0.007356,0.0106175
"10139",0.1741125,0.206735,0.121675,0.049708,0.06837825,0.06739625,0.0666925,0.0667865,0.05991575,0.0625293333333333,0.0601185,0.0756525
"10140",8.99999999999929e-05,0.0157775,0.00035,0.00530133333333333,0.02252275,0.04091375,0.035115,0.0310115,0.03368075,0.0174886666666667,-0.0015165,-0.0073925
"10145",NA,NA,NA,NA,0.0265456666666667,0.04003125,0.033865,0.030249,0.034865,NA,NA,NA
"10274",0.034675,0.038575,0.04823,0.0275213333333333,0.05237575,0.06652125,0.060925,0.0572415,0.05528075,0.045346,0.0081485,0.011335
"10275",0.0152725,0.0169075,0.0060925,0.00543466666666667,0.02268725,0.04187375,0.03655,0.0318465,0.03399575,0.0174926666666667,-0.0013865,-0.00588
"10276",0.012265,0.01621,0.00327,0.00539466666666667,0.02267425,0.04177125,0.0363725,0.0317365,0.03397075,0.01749,-0.00139649999999999,-0.004235
"10284",0.0361525,0.0376425,0.04817,0.0281413333333333,0.05248575,0.06656625,0.061025,0.0573615,0.05538325,0.044916,0.007746,0.013215
"10411",0.0430125,0.0370825,0.0414325,0.0272146666666667,0.05230575,0.06650875,0.0608775,0.0571865,0.05513825,0.045566,0.007501,0.0115375
"10412",0.0102375,0.017095,0.009935,0.005518,0.022747,0.04229375,0.03726,0.0322415,0.03411325,0.017494,-0.0011915,-0.003585
"10413",0.0120475,0.0176875,0.0084025,0.005478,0.02274525,0.04222875,0.0371375,0.032164,0.03411825,0.01749,-0.0013515,-0.00407999999999999
"10414",0.1952025,0.2060225,0.12083,0.0495946666666667,0.06840575,0.06744875,0.0667225,0.0667865,0.05992075,0.0625326666666667,0.0611835,0.0838525
"10420",0.0281475,0.025015,0.0368875,0.0277846666666667,0.05238325,0.06653875,0.0609675,0.057279,0.05527575,0.0452093333333333,0.008506,0.0116625
"10421",-0.02309,-0.0010425,0.003935,0.00519133333333333,0.02265575,0.04143875,0.0357725,0.0312815,0.03397575,0.0174556666666667,-0.001314,-0.00769499999999999
"10546",0.1399825,0.168475,0.0798375,0.0227666666666667,0.0161775,0.000952499999999995,0.00576249999999999,0.0094575,0.00500750000000001,0.0166966666666667,0.0536,0.0849875
"10547",0.0268475,0.0185475,0.03804,0.0211666666666667,0.02943325,0.02397,0.023,0.024505,0.0208875,0.028299,0.00984,0.0152175
"10548",0.1415525,0.1685225,0.0724975,0.0226133333333333,0.016175,0.000959999999999996,0.0058025,0.0095225,0.004945,0.0167566666666667,0.0530075,0.0767575
"10549",0.143265,0.16855,0.0761575,0.02256,0.0161725,0.000965000000000001,0.00581999999999999,0.00955,0.00491750000000001,0.0167833333333333,0.05907,0.09101
"10557",0.009195,0.0108225,0.00222249999999999,0.00530466666666667,0.02276375,0.04211625,0.03685,0.031889,0.03419325,0.0174553333333333,-0.001359,-0.0045075
"10687",0.1664675,0.186375,0.11392,0.0437866666666667,0.04561725,0.02494,0.0287825,0.03413,0.025895,0.0450373333333333,0.062885,0.090545
"10688",0.04344,0.03708,0.042445,0.026788,0.05218825,0.06649125,0.060815,0.057099,0.05489075,0.0458993333333333,0.0079635,0.011545
"10689",0.1707325,0.186735,0.11313,0.0438766666666667,0.04562,0.0249525,0.0289275,0.03428,0.0258225,0.045053,0.0683475,0.090195
"10690",0,0,0,0,0,0,0,0,0,0,0,0
"10830",0.1712,0.186195,0.1142075,0.0440633333333333,0.045631,0.0249625,0.028985,0.034465,0.02581,0.0450706666666667,0.06643,0.0979525
"10831",0.13502,0.168185,0.07529,0.0225833333333333,0.0163,0.00108249999999999,0.00607,0.00988,0.00508749999999999,0.0166133333333333,0.0527575,0.0704125
"1442",0.15485,0.171435,0.1226125,0.02387,0.0165125,0.003535,0.0077175,0.006965,0.00596499999999999,0.0213566666666667,0.0871575,0.1616225
"1443",0.154585,0.1711725,0.1214325,0.0232066666666667,0.01652,0.00355,0.00772750000000001,0.00684999999999999,0.00579249999999999,0.0213133333333333,0.0971175,0.16103
"1566",0,0,0,0,0,0,0,0,0,0,0,0
"1843",2.49999999998862e-06,-2.49999999998862e-06,-4.99999999999112e-06,0,0,0,0,0,0,0,0,-2.49999999998862e-06
"1996",-0.2173025,-0.2082,-0.0864,-0.000720000000000008,-0.0039175,-0.0035775,-0.0183525,-0.0168725,-0.02404,-0.02392,-0.0879175,-0.1888675
"1999",-0.1833675,-0.1898875,-0.12022,-0.0437133333333333,-0.0481495,-0.0400775,-0.0354675,-0.03938,-0.0360575,-0.0435766666666667,-0.07551,-0.126325
"2001",2.5000000000025e-06,0,0,0,0,0,0,0,0,0,0,0
"2004",-0.217475,-0.2152775,-0.089715,-0.00163666666666667,-0.0047825,-0.0031575,-0.01813,-0.0172075,-0.0245175,-0.0240333333333333,-0.09176,-0.2111925
"2148",-0.0352975,-0.0171475,-0.0342675,-0.0207566666666667,-0.031779,-0.0373175,-0.02903,-0.0317275,-0.029195,-0.0221966666666667,-0.00707249999999999,-0.02231
"2149",-0.0318975,-0.0139675,-0.02226,-0.02076,-0.031828,-0.037415,-0.0291775,-0.0318225,-0.0293475,-0.02223,-0.0102075,-0.0130625
"2150",0,0,0,0,0,0,0,0,0,0,0,0
"2151",-0.03074,-0.0192325,-0.0377175,-0.0207733333333333,-0.03192225,-0.037595,-0.029455,-0.032,-0.0296325,-0.0224066666666667,-0.00425999999999999,-0.013795
"2153",0,0,0,0,0,0,0,0,0,0,0,0
"2154",2.5000000000025e-06,0,0,0,0,0,0,0,0,0,0,0
"2155",0.203625,0.2081375,0.1568425,0.053248,0.06735075,0.06812375,0.0649275,0.064404,0.05944575,0.0624816666666667,0.073817,0.139555
"2305",-0.1783775,-0.1887425,-0.12562,-0.0659966666666667,-0.0490575,-0.0415725,-0.0380175,-0.03839,-0.035255,-0.04385,-0.0733475,-0.13037
"2403",NA,NA,NA,NA,NA,NA,NA,NA,NA,NA,NA,NA
"2409",-2.50000000001638e-06,-2.50000000001638e-06,0,0,0,0,0,0,0,0,0,0
"2412",-2.50000000001638e-06,-2.49999999998862e-06,2.50000000001638e-06,0,0,0,0,0,0,0,0,-2.49999999998862e-06
"2415",0,0,0,0,0,0,0,0,0,0,0,-2.49999999998862e-06
"2560",-5.000000000005e-06,2.50000000001638e-06,0,0,0,0,0,0,0,0,0,0
"2562",-0.367665,-0.374655,-0.2185475,-0.0298433333333333,-0.0209525,-0.0068025,-0.0254975,-0.0260525,-0.0326275,-0.04547,-0.152265,-0.31506
"2563",NA,NA,NA,NA,-0.07158575,-0.07177125,-0.08333,-0.0830715,-0.08451825,NA,NA,NA
"2564",NA,NA,NA,NA,-0.052607,-0.0418375,-0.051835,-0.0559275,-0.0579466666666667,NA,NA,NA
"2575",-0.028075,-0.018405,-0.0376675,-0.02047,-0.03155975,-0.0364075,-0.0284925,-0.0312325,-0.0288875,-0.0223233333333333,0.00302,0.000125000000000007
"2576",0,0,0,0,0,0,0,0,0,0,0,0
"2579",0.0264925,0.0262175,0.0170225,0.00979466666666667,0.0189585,0.02808625,0.028585,0.026314,0.02446825,0.0187306666666667,0.000763999999999997,0.00583000000000001
"2581",0,0,0,0,0,0,0,0,0,0,0,0
"2585",0.0227575,0.017745,0.0212575,0.00799133333333334,0.01875825,0.02758375,0.0278225,0.026114,0.02441325,0.018589,0.000449500000000005,0.00239499999999999
"2590",-0.1772725,-0.1880525,-0.1312625,-0.0553933333333333,-0.048948,-0.040915,-0.0375975,-0.037955,-0.0348975,-0.0438833333333333,-0.0768225,-0.1298875
"2591",-0.389055,-0.416615,-0.2314225,-0.0739833333333333,-0.058836,-0.04314,-0.0541425,-0.05509,-0.0601225,-0.07092,-0.1647575,-0.3740675
"2723",-0.18261,-0.1747025,-0.140425,-0.0471366666666667,-0.048498,-0.0398025,-0.0363125,-0.037805,-0.0347475,-0.0437733333333333,-0.0730125,-0.13619
"2836",2.50000000001638e-06,5.000000000005e-06,0,0,0,0,0,0,0,0,0,0
"2837",0,-2.49999999998862e-06,2.49999999998862e-06,0,0,0,0,0,0,0,0,0
"2839",2.49999999998862e-06,0,-1.38777878078145e-17,0,0,0,0,0,0,0,0,0
"2865",0,0,0,0,0,0,0,0,0,0,0,0
"2866",-0.1772325,-0.187095,-0.1326275,-0.05331,-0.04845475,-0.0394925,-0.0361425,-0.03755,-0.0345525,-0.0438066666666667,-0.0712,-0.1311625
"2867",0.02695,0.019255,0.02114,0.02251,0.031813,0.036425,0.0291325,0.0315025,0.02971,0.0230033333333333,0.004285,-0.028775
"2992",0.20406,0.21088,0.154425,0.0536413333333333,0.06743075,0.06794375,0.0649125,0.0650565,0.05978075,0.0624873333333333,0.07584425,0.1474825
"2993",0.17904,0.1871275,0.12787,0.0434733333333333,0.047672,0.0372175,0.0330875,0.037355,0.034625,0.04391,0.07567,0.13763
"2995",0.01634,0.024285,0.0202175,0.010098,0.0196855,0.03045375,0.031375,0.0274915,0.02507825,0.0188576666666667,-0.000142749999999994,0.0043525
"2998",-0.0300625,-0.016805,-0.0371125,-0.0202633333333333,-0.03111225,-0.034955,-0.0272025,-0.03024,-0.027975,-0.0222933333333333,-0.0056175,-0.0128625
"2999",-0.0279875,-0.0171825,-0.0334325,-0.0201733333333333,-0.031167,-0.03507,-0.027385,-0.0303425,-0.0281175,-0.0223566666666667,-0.0093525,-0.005005
"3000",0,0,0,0,0,0,0,0,0,0,0,0
"3001",-0.18601,-0.1629925,-0.1379925,-0.0435733333333333,-0.048062,-0.038315,-0.0347225,-0.0373125,-0.03444,-0.0437033333333333,-0.0749825,-0.14084
"3007",-0.149745,-0.1684275,-0.10883,-0.0314966666666667,-0.016715,-0.0030925,-0.007035,-0.0061925,-0.005125,-0.0209033333333333,-0.0698125,-0.1574725
"3012",0.0231925,0.01698,0.0216525,0.00728800000000001,0.01907075,0.02868125,0.0285725,0.0267265,0.02493075,0.018572,-0.000783999999999997,0.00905499999999999
"3119",0.2151,0.1960475,0.0908675,0.00139333333333332,0.004005,0.0046425,0.01853,0.0175625,0.023955,0.02367,0.094175,0.2048825
"3120",0.215295,0.1968375,0.091905,0.00142666666666667,0.004025,0.0046,0.018535,0.01764,0.0240375,0.0236033333333333,0.0963775,0.2054925
"3125",0,0,0,0,0,0,0,0,0,0,0,0
"3167",-0.38114,-0.420795,-0.238805,-0.0861833333333333,-0.0608675,-0.041675,-0.05228,-0.0537425,-0.060115,-0.0738133333333333,-0.1556675,-0.3705675
"3168",-0.3788175,-0.405955,-0.2485175,-0.0863833333333333,-0.06099225,-0.04169,-0.0522275,-0.0536925,-0.060165,-0.0740466666666667,-0.15484,-0.367155
"3274",0.025135,0.01508,0.01492,0.0199133333333333,0.030461,0.0330925,0.02489,0.0287625,0.02663,0.02188,0.00123,-0.0143275
"3396",0,2.49999999998862e-06,0,0,0,0,0,0,0,0,0,-2.50000000001638e-06
"3398",-2.50000000001638e-06,-2.50000000001638e-06,0,0,0,0,0,0,0,0,0,0
"3400",-2.49999999998862e-06,-2.49999999998862e-06,0,0,0,0,0,0,0,0,0,2.49999999998862e-06
"3401",0,-2.49999999998862e-06,0,0,0,0,0,0,0,0,0,2.49999999998862e-06
"3402",0.371615,0.367785,0.19785,0.02469,0.021015,0.00722500000000001,0.0250725,0.0276975,0.0337525,0.0456366666666667,0.147175,0.36384
"3403",0.1563375,0.17223,0.1088725,0.0230266666666667,0.01693,0.00243499999999999,0.00651,0.00965000000000001,0.00952,0.0222766666666667,0.0750175,0.15661
"3414",0,0,0,0,0,0,0,0,0,0,0,0
"3415",0,0,0,0,0,0,0,0,0,0,0,0
"3424",0,0,0,0,0,0,0,0,0,0,0,0
"3541",-2.49999999998862e-06,0,0,0,0,0,0,0,0,0,0,2.49999999998862e-06
"3550",0.2046225,0.2123925,0.15166,0.0541213333333333,0.06750325,0.06782625,0.0649525,0.0656615,0.06016825,0.0624226666666667,0.098178,0.15467
"3562",0.0274025,0.023635,0.0238975,0.00967466666666667,0.02022625,0.03239875,0.03311,0.0286665,0.02578575,0.018846,-0.000768749999999999,0.00807749999999999
"3563",0.0284775,0.0240125,0.024645,0.00984466666666667,0.020186,0.03225625,0.032865,0.0285965,0.02577575,0.018826,-0.000445250000000001,0.00786249999999999
"3564",0.0283825,0.02369,0.024435,0.00935466666666666,0.02014375,0.03211625,0.032635,0.028529,0.02576575,0.0188093333333333,-0.000731749999999996,0.00955000000000001
"3565",0.1770675,0.1852025,0.126465,0.04678,0.0474965,0.035965,0.03247,0.0360625,0.033705,0.0437466666666667,0.0738575,0.143335
"3566",0.0254125,0.0219175,0.0247425,0.009468,0.0200645,0.03185625,0.032195,0.028394,0.02574825,0.018776,-0.000898750000000004,0.0085625
"3569",0.025105,0.020945,0.0218225,0.00833466666666667,0.01995125,0.03148875,0.0315875,0.028219,0.02572325,0.0187293333333333,0.00120475,0.0076425
"3570",0.199875,0.2058025,0.1522,0.060308,0.06763575,0.06799625,0.06488,0.064274,0.05935075,0.0624726666666667,0.07532125,0.1455275
"3572",-0.1745025,-0.185625,-0.126905,-0.0508033333333333,-0.04781025,-0.0368675,-0.0338475,-0.0361275,-0.0336175,-0.04379,-0.0737425,-0.136235
"3674",0,2.77555756156289e-17,-2.49999999998862e-06,0,0,0,0,0,0,0,0,0
"3678",-2.50000000001638e-06,-2.49999999998862e-06,0,0,0,0,0,0,0,0,0,0
"3687",0.420335,0.41022,0.250075,0.062429,0.07176575,0.07266625,0.0836075,0.0844915,0.08487075,0.0868506666666667,0.16742325,0.36409
"3689",0.206325,0.2127875,0.1518575,0.0537046666666667,0.06752575,0.06780125,0.0649775,0.0658865,0.06032075,0.0632946666666667,0.08711825,0.1564675
"3690",0.2050875,0.2125025,0.1503175,0.054608,0.06752575,0.06780625,0.0649675,0.0657815,0.06024825,0.0624223333333333,0.0939505,0.154955
"3702",0,0,0,0,0,0,0,0,0,0,0,0
"3705",0.02619,0.0228425,0.02614,0.00873466666666668,0.020318,0.03272625,0.033255,0.0288965,0.02595825,0.0188193333333333,-0.000844999999999999,0.0047625
"3706",0,0,0,0,0,0,0,0,0,0,0,0
"3843",0.0302825,0.02958,0.025805,0.0101913333333333,0.0206205,0.03379375,0.03465,0.0295315,0.02617575,0.0188793333333333,-0.0010085,0.00804999999999999
"3844",-0.1766275,-0.184515,-0.12572,-0.0470466666666667,-0.04705475,-0.0342425,-0.0305,-0.035285,-0.0334,-0.0435933333333333,-0.072655,-0.140095
"3954",0.370465,0.33759,0.1875875,0.0250933333333333,0.0216025,0.00749500000000001,0.024425,0.0286925,0.033855,0.0540433333333333,0.16442,0.330805
"3988",0.149885,0.1695575,0.0994925,0.0275933333333333,0.0168925,0.00259,0.006265,0.0072475,0.00691749999999999,0.0213233333333333,0.0546325,0.157855
"4132",NA,NA,NA,NA,NA,NA,NA,NA,NA,NA,NA,NA
"4144",-0.1824725,-0.161155,-0.14467,-0.0459433333333333,-0.0475065,-0.0354025,-0.03308,-0.034925,-0.0328175,-0.0438833333333333,-0.069665,-0.135885
"4286",-0.180095,-0.1716675,-0.144665,-0.0446666666666667,-0.047382,-0.0349275,-0.03272,-0.03461,-0.03262,-0.0438966666666667,-0.0688375,-0.13576
"4293",0.02314,0.025825,0.0193425,0.00760133333333333,0.0201815,0.03245375,0.03113,0.028994,0.02666575,0.0185326666666667,-0.000956499999999999,0.0011175
"4395",0.051135,0.0412975,0.0550475,0.0299913333333333,0.05056075,0.06563375,0.0591075,0.0565615,0.05103075,0.040576,0.0088885,0.02986
"4427",0,0,0,0,0,0,0,0,0,0,0,0
"4430",0,0,0,0,0,0,0,0,0,0,0,0
"4432",0,0,0,0,0,0,0,0,0,0,0,0
"4670",0,0,0,0,0,0,0,0,0,0,0,-2.5000000000025e-06
"4848",0,0,0,0,0,0,0,0,0,0,0,0
"5247",0.022545,0.00948750000000001,0.01874,0.01811,0.0279385,0.0250825,0.0174175,0.02179,0.02294,0.0216533333333333,0.0077525,0.0144025
"5249",-0.150585,-0.168725,-0.092145,-0.02827,-0.0171325,-0.00189,-0.0054025,-0.00867,-0.0087525,-0.02161,-0.054145,-0.1060625
"5254",-0.17665,-0.15822,-0.123825,-0.0418566666666667,-0.045419,-0.02801,-0.0243775,-0.0310375,-0.031595,-0.0434766666666667,-0.0681825,-0.11325
"5255",0.1472725,0.15791,0.0923,0.0237766666666667,0.0170375,0.0019925,0.0054175,0.00805,0.0081225,0.0215066666666666,0.05771,0.0906725
"5257",-0.1410475,-0.140235,-0.0926275,-0.0229233333333333,-0.0170025,-0.00202749999999999,-0.0054275,-0.0078525,-0.0078925,-0.0214033333333333,-0.0544825,-0.0876275
"5369",2.49999999998862e-06,-7.50000000002138e-06,0,0,0,0,0,0,0,0,0,0
"5370",0,-4.99999999999112e-06,0,0,0,0,0,0,0,0,0,0
"5400",0,0,0,0,0,0,0,0,0,0,0,0
"5519",0.3667225,0.344335,0.19692,0.02675,0.0217925,0.0076375,0.024065,0.030085,0.03419,0.0454266666666667,0.1423175,0.2979125
"5537",0.19159,0.2042,0.088595,0.00841,0.00734500000000002,0.0052925,0.0180775,0.020425,0.025605,0.0251466666666667,0.071345,0.1570575
"5544",0.029375,0.012865,0.02645,0.01818,0.0285065,0.0261675,0.0200375,0.0232775,0.0235725,0.0223966666666667,0.00919250000000001,0.0206
"5548",0.148005,0.1680425,0.0991275,0.0227433333333333,0.01685,0.00205499999999999,0.0052975,0.007145,0.007055,0.02113,0.0677275,0.1263925
"5561",0.0292566666666667,0.0146175,0.013465,0.02051,0.02956375,0.0281475,0.0236725,0.0255125,0.025405,0.0234866666666667,0.0077975,0.01356
"5562",0,0,0,0,0,0,0,0,0,0,0,0
"5563",0,0,0,0,0,0,0,0,0,0,0,0
"5564",NA,NA,NA,NA,NA,NA,NA,NA,NA,NA,NA,NA
"5577",NA,NA,NA,NA,-0.0242836666666667,-0.03683375,-0.03426,-0.031749,-0.030505,NA,NA,NA
"5579",0.03347,0.0225675,0.0259075,0.0209766666666667,0.03087575,0.02888,0.0252825,0.0265975,0.026995,0.02494,0.0098425,0.02104
"5699",0.0336666666666667,0.0136875,0.0147225,0.0187666666666667,0.0292095,0.0273975,0.0227325,0.024805,0.0247775,0.02326,0.007895,0.011155
"5700",0.028705,0.0138725,0.011355,0.0188133333333333,0.029273,0.0274975,0.0229225,0.0249125,0.02488,0.0233233333333333,0.007895,0.01087
"5793",0,2.49999999998862e-06,0,0,0,0,0,0,0,0,0,0
"5797",2.5000000000025e-06,0,0,0,0,0,0,0,0,0,0,-2.5000000000025e-06
"5798",0,-2.5000000000025e-06,2.5000000000025e-06,0,0,0,0,0,0,0,0,0
"5805",0.1724775,0.1684025,0.119005,0.03925,0.0441775,0.02438,0.02048,0.02889,0.0316525,0.0432633333333333,0.0743525,0.1362525
"5806",0,-4.99999999999112e-06,2.5000000000025e-06,0,0,0,0,0,0,0,0,0
"5809",-0.15071,-0.165505,-0.0960975,-0.0296033333333333,-0.01722,-0.00157250000000001,-0.00509749999999999,-0.009205,-0.00916249999999999,-0.0215833333333333,-0.0659525,-0.13937
"5825",0.1769125,0.17518,0.1192475,0.0408066666666667,0.04507925,0.027075,0.0242125,0.0300925,0.03084,0.0437366666666667,0.0724725,0.12544
"5826",0.1480725,0.166865,0.0951375,0.0229066666666667,0.016945,0.00187249999999999,0.00513,0.0076325,0.0077225,0.0217433333333333,0.0653025,0.1190575
"5947",0,0,2.5000000000025e-06,0,0,0,0,0,0,0,0,0
"5953",0.20344,0.2070725,0.1425625,0.0541713333333333,0.06796075,0.06763125,0.0650025,0.0654515,0.06003575,0.0624693333333333,0.07137125,0.1429675
"5954",0,0,0,0,0,0,0,0,0,0,0,0
"5977",0,0,0,0,0,0,0,0,0,0,0,0
"5998",0.0318366666666667,0.0164325,0.00166000000000001,0.0197266666666667,0.03006475,0.0273275,0.02393,0.02523,0.025675,0.02454,0.00793,0.0161333333333333
"6070",-2.50000000001638e-06,-2.77555756156289e-17,0,0,0,0,0,0,0,0,0,0
"6077",0,-2.49999999998862e-06,0,0,0,0,0,0,0,0,0,0
"6078",0.21294,0.1793275,0.0943425,0.00640333333333333,0.0045925,0.00637999999999999,0.0187675,0.0204275,0.02421,0.02402,0.084695,0.1942675
"6147",0.025155,0.0200175,0.0389625,0.0197633333333333,0.0304325,0.0267375,0.02376,0.0249625,0.0256975,0.0253166666666667,0.0099125,0.013375
"6227",0.1502125,0.1587325,0.09111,0.0229933333333333,0.0172825,0.00132499999999999,0.004895,0.00962999999999999,0.0092475,0.0216333333333333,0.06694,0.133675
"6244",0,0,0,0,0,0,0,0,0,0,0,0
"6245",0,0,0,0,0,0,0,0,0,0,0,0
"6246",0,0,0,0,0,0,0,0,0,0,0,0
"6247",0,-2.5000000000025e-06,0,0,0,0,0,0,0,0,0,0
"6248",0.149525,0.16672,0.08969,0.0266133333333333,0.01698,0.0016675,0.00491,0.007905,0.0080575,0.0212933333333333,0.0630375,0.1145125
"6261",0.0304975,0.0137325,0.0322025,0.0183833333333333,0.028465,0.02558,0.0209575,0.02317,0.0234825,0.02306,0.00766,0.0173825
"6266",0.0316675,0.01292,0.0304425,0.01856,0.0287875,0.0259775,0.021805,0.0236725,0.0239475,0.0233966666666667,0.008715,0.01909
"6267",0.0269833333333333,0.0130975,0.0271375,0.0186,0.02885,0.02604,0.0219475,0.023765,0.0240425,0.02347,0.0079175,0.0168525
"6276",0,0,0,0,0,0,0,0,0,0,0,0
"6277",0,0,0,0,0,0,0,0,0,0,0,0
"6278",0,0,0,0,0,0,0,0,0,0,0,0
"6385",0,0,0,0,0,0,0,0,0,0,0,0
"6411",0.02375,0.0133025,0.0218825,0.01901,0.02889475,0.025825,0.0220275,0.023665,0.02402,0.0236566666666667,0.005865,-0.0347375
"6414",0.166935,0.179415,0.12032,0.0433533333333333,0.04541275,0.027875,0.0272425,0.0299275,0.029755,0.0440533333333333,0.072705,0.1261975
"6434",0.03076,0.019025,0.0086825,0.00651133333333334,0.02198975,0.04011375,0.036645,0.033684,0.03066075,0.0182493333333333,-0.000341000000000001,0.01308
"6435",0,0,0,0,0,0,0,0,0,0,0,0
"6453",0.169095,0.186545,0.1302875,0.0538033333333333,0.04710525,0.03081,0.0316825,0.0322575,0.02992,0.04449,0.071655,0.12453
"6454",-0.0325175,-0.0292025,-0.019085,-0.0225433333333333,-0.03226325,-0.0289975,-0.027495,-0.0266925,-0.02613,-0.02604,-0.00751,-0.0094875
"6456",0.0079625,0.00796499999999999,0.0239075,0.00513466666666668,0.020721,0.03674375,0.0324475,0.0307965,0.03009575,0.018037,0.00250425,-0.0074275
"6457",0.00843000000000001,0.0072525,0.0241125,0.004898,0.02064525,0.03651375,0.03219,0.0306065,0.03004075,0.0184436666666667,0.0038675,0.000487500000000009
"6499",-2.50000000001638e-06,-2.77555756156289e-17,0,0,0,0,0,0,0,0,0,-2.5000000000025e-06
"6500",2.50000000001638e-06,2.50000000001638e-06,0,0,0,0,0,0,0,0,0,0
"6501",-7.49999999996587e-06,2.49999999996087e-06,0,0,0,0,0,0,0,0,0,0
"6502",0,2.49999999998862e-06,0,0,0,0,0,0,0,0,0,0
"6503",0.2130675,0.1783975,0.094065,0.00700333333333332,0.00469000000000001,0.0064825,0.01889,0.0210775,0.0243825,0.0239366666666667,0.077395,0.1856725
"6562",0.00933,0.02001,0.013015,0.00906466666666667,0.022524,0.04039125,0.0374825,0.034129,0.03028825,0.018347,-0.001124,0.0040375
"6563",0.1918425,0.196915,0.141565,0.0513446666666667,0.06800575,0.06793125,0.064805,0.0636765,0.05956825,0.062366,0.0702785,0.13857
"6573",0,0,0,0,0,0,0,0,0,0,0,0
"6647",0.1527625,0.1602925,0.096125,0.0241066666666667,0.01728,0.0011225,0.0047225,0.00981249999999999,0.00905999999999999,0.0237666666666667,0.0641,0.130265
"6650",0.3442275,0.34292,0.1779275,0.0344366666666667,0.0222375,0.00762249999999999,0.0237375,0.03124,0.0338625,0.0528066666666667,0.135085,0.2974625
"6654",0.1521225,0.1637125,0.0869925,0.0262833333333333,0.017235,0.0012175,0.004695,0.009335,0.00897000000000001,0.02916,0.0648725,0.13264
"6655",0.149985,0.163625,0.0880575,0.02764,0.01723,0.0012325,0.0046925,0.0092725,0.0089525,0.0287666666666667,0.0684675,0.13537
"6658",0,-2.5000000000025e-06,0,0,0,0,0,0,0,0,0,-2.5000000000025e-06
"6659",0.14808,0.164655,0.08959,0.02483,0.017185,0.00129750000000001,0.0046875,0.008995,0.008855,0.0214766666666667,0.0565025,0.11849
"6660",0.02262,0.00553999999999999,0.02431,0.0166,0.02659225,0.0222525,0.01593,0.0191425,0.02186,0.0219666666666667,0.0083525,0.0144425
"6735",-0.029685,-0.027525,-0.01319,-0.02225,-0.0318285,-0.0280625,-0.0267225,-0.02604,-0.02543,-0.0260366666666667,-0.008205,0.00401
"6736",0,0,0,0,0,0,0,0,0,0,0,0
"6786",0,-2.50000000001638e-06,0,0,0,0,0,0,0,0,0,-2.49999999998862e-06
"6801",0,0,0,0,0,0,0,0,0,0,0,0
"6802",0.1701925,0.170275,0.1132775,0.04449,0.0436925,0.023445,0.0206325,0.02802,0.0306,0.0432933333333333,0.0708375,0.1210125
"6808",0.1464525,0.16602,0.0891925,0.0281533333333333,0.0170625,0.00137,0.0046325,0.008435,0.00851500000000001,0.0215666666666667,0.0635875,0.1273975
"6809",0.170215,0.17397,0.112695,0.0447,0.0440025,0.024295,0.0217775,0.0284825,0.0302875,0.0435266666666667,0.0713425,0.1308225
"6815",0,0,0,0,0,0,0,0,0,0,0,0
"6818",0.0230625,0.032815,0.017835,0.0110113333333333,0.02371075,0.04232875,0.041495,0.0354865,0.02945325,0.018796,-0.001074,0.0094175
"6819",0.02866,0.0295175,0.0220125,0.0108646666666667,0.02367575,0.04223375,0.0413075,0.035409,0.02946075,0.0187793333333333,-0.0010865,0.0102975
"6821",0.0165675,0.0281225,0.017195,0.0107113333333333,0.02360325,0.04204625,0.0409425,0.035244,0.02949325,0.0187426666666667,-0.000791500000000001,0.00394250000000001
"6824",0.0322525,0.0110375,0.0304575,0.0180866666666667,0.02784,0.024275,0.0197925,0.021975,0.02252,0.0229933333333333,0.007925,0.01123
"6827",0.0309,0.0120625,0.03141,0.0181733333333333,0.0280225,0.0244825,0.020275,0.0222725,0.02274,0.02317,0.0093175,0.017995
"6831",0.02806,0.018225,0.037215,0.01834,0.02827,0.02471,0.02084,0.0226,0.023045,0.0234166666666667,0.00758,0.0149775
"6845",0.043735,0.038065,0.0483925,0.0280013333333333,0.05201075,0.06605625,0.0600975,0.0578165,0.05455825,0.042946,0.00757850000000001,-0.00701
"6921",-2.49999999998862e-06,-5.000000000005e-06,-2.5000000000025e-06,0,0,0,0,0,0,0,0,0
"6932",0.3354175,0.343735,0.18498,0.0379433333333333,0.02231,0.0075875,0.0236775,0.0315325,0.0336625,0.0528833333333333,0.1472,0.2830525
"6934",0.15139,0.16161,0.0915475,0.02885,0.01722,0.0010875,0.004585,0.00945499999999999,0.00883999999999999,0.0290233333333333,0.0675475,0.1233325
"6939",0.361605,0.353015,0.168465,0.03681,0.0231975,0.00756,0.02356,0.03136,0.03405,0.0534266666666667,0.1461025,0.31768
"6943",0.1469275,0.164105,0.0900575,0.0233333333333333,0.0171475,0.0012175,0.00456500000000001,0.0088825,0.0087175,0.02117,0.05873,0.1130175
"6944",0,0,0,0,0,0,0,0,0,0,0,0
"6961",0.204115,0.1984525,0.137535,0.051968,0.06806825,0.06761875,0.064885,0.0643715,0.05940075,0.0625193333333333,0.0613335,0.11753
"6962",0,0,0,0,0,0,0,0,0,0,0,0
"6970",0.0101175,0.0298125,0.01735,0.0101313333333333,0.02347075,0.04173875,0.039875,0.0349565,0.02978075,0.0186026666666667,-0.00111899999999999,0.00240749999999999
"6971",0.028185,0.0137925,0.030835,0.0182433333333333,0.028065,0.0243925,0.020495,0.0222925,0.022755,0.02335,0.0075625,0.0135975
"6972",0.03341,0.01272,0.03688,0.0182866666666667,0.0281325,0.02444,0.0206325,0.0223675,0.0228325,0.02342,0.00783,0.010325
"6979",0,0,0,0,0,0,0,0,0,0,0,0
"6988",0.03412,0.01501,0.036995,0.0194933333333333,0.02916025,0.0245025,0.021745,0.0228775,0.0236575,0.0248,0.0084775,0.01912
"7084",0.14866,0.1635775,0.089525,0.0262866666666667,0.0171375,0.001165,0.0045075,0.0088975,0.00866749999999999,0.0214333333333333,0.061225,0.117405
"7094",0.04646,0.047455,0.0449975,0.0289213333333333,0.05111325,0.06625625,0.06045,0.056574,0.05126825,0.0414226666666667,0.00769850000000001,0.0202875
"7098",0.0498675,0.05005,0.051095,0.0287146666666667,0.05118075,0.06621375,0.0604075,0.056664,0.05138575,0.041486,0.0073085,0.0257225
"7120",0,0,0,0,0,0,0,0,0,0,0,0
"7121",0,0,0,0,0,0,0,0,0,0,0,0
"7124",0,0,0,0,0,0,0,0,0,0,0,0
"7125",0.026625,0.013625,0.019855,0.0199066666666667,0.02877025,0.02433,0.0214075,0.0226175,0.0232825,0.0243733333333333,-8.50000000000017e-05,-0.017675
"7126",0,0,0,0,0,0,0,0,0,0,0,0
"7127",0,0,0,0,0,0,0,0,0,0,0,0
"7128",0,0,0,0,0,0,0,0,0,0,0,0
"7136",0,0,0,0,0,0,0,0,0,0,0,0
"7239",-0.14561,-0.1656575,-0.08451,-0.02529,-0.0169075,-0.0013075,-0.00446,-0.00796750000000001,-0.0081425,-0.0209966666666667,-0.05871,-0.116705
"7240",0.026435,0.00943999999999999,0.0311825,0.01811,0.027055,0.0230775,0.0181975,0.02067,0.0217325,0.02272,0.00823749999999999,0.0063975
"7263",0.0259025,0.0192975,0.0193,0.00931133333333334,0.0234355,0.04203125,0.03922,0.035164,0.03062575,0.0184273333333333,-0.0018415,0.01188
"7269",0.030695,0.01355,0.0296375,0.0207333333333333,0.02882925,0.02405,0.021335,0.02243,0.023165,0.02471,0.000872500000000002,-0.0132525
"7271",0,0,0,0,0,0,0,0,0,0,0,0
"7272",0,0,0,0,0,0,0,0,0,0,0,0
"7366",0.347675,0.35424,0.1643975,0.03941,0.0241775,0.007465,0.0232175,0.0315325,0.0339575,0.0542366666666667,0.13852,0.307165
"7378",0.177115,0.16707,0.1153525,0.04049,0.0437325,0.023895,0.0220425,0.0283925,0.029905,0.0436433333333333,0.0685,0.128065
"7385",0.191445,0.20166,0.13131,0.0544713333333333,0.06811075,0.06757375,0.0649125,0.064414,0.05942575,0.062526,0.062946,0.128265
"7396",0.1674025,0.17881,0.115485,0.0408966666666667,0.044275,0.0252675,0.02469,0.02875,0.0292225,0.0439966666666667,0.0722925,0.1142475
"7397",0,0,0,0,0,0,0,0,0,0,0,0
"7413",0,0,0,0,0,0,0,0,0,0,0,0
"7513",0.14496,0.1637275,0.086335,0.0222866666666667,0.017025,0.00109,0.0043475,0.008585,0.0084125,0.0209133333333333,0.0668425,0.144515
"7532",0,0,0,0,0,0,0,0,0,0,0,0
"7541",0.1746925,0.1791875,0.1209225,0.04107,0.0442575,0.025165,0.02493,0.028625,0.0289625,0.0440733333333333,0.0746475,0.10844
"7553",0,0,0,0,0,0,0,0,0,0,0,0
"7668",0.0249525,0.0101575,0.0237175,0.0177066666666667,0.0270125,0.022995,0.0187525,0.02089,0.0216475,0.02305,0.0078375,0.00406000000000001
"7669",0.0294275,0.01034,0.02623,0.0177566666666667,0.02707,0.0230625,0.0189025,0.0209675,0.021675,0.0230933333333333,0.0074825,0.0162
"7670",0.031305,0.010475,0.02619,0.0178,0.027125,0.023125,0.0190425,0.0210425,0.0217,0.0231366666666667,0.0074175,0.01539
"7673",0.02649,0.0110825,0.032385,0.0179333333333333,0.0272975,0.0233,0.0194725,0.0212875,0.02182,0.02328,0.0079525,0.007635
"7674",0,0,0,0,0,0,0,0,0,0,0,0
"7675",0.0351025,0.0114125,0.03338,0.01801,0.0274125,0.023405,0.01973,0.0214525,0.0219175,0.0233833333333333,0.00742,0.01484
"7788",0.14981,0.160185,0.085045,0.02193,0.017025,0.000907499999999985,0.00427250000000001,0.0089875,0.0082325,0.0206433333333333,0.0662725,0.1210075
"7819",0.0416,0.01192,0.0366425,0.0181033333333333,0.0274925,0.023405,0.0200275,0.021555,0.0219425,0.0235866666666667,0.0081525,0.01813
"7820",0,0,0,0,0,0,0,0,0,0,0,0
"7821",0.03534,0.01217,0.0361925,0.0181633333333333,0.0276125,0.0234375,0.0202125,0.0216525,0.022025,0.0237166666666667,0.0078675,0.00963
"7927",0,0,0,0,0,0,0,0,0,0,0,0
"7940",0.1448175,0.1634725,0.07839,0.0220966666666667,0.0169075,0.000982499999999997,0.00421000000000001,0.00842999999999999,0.00820749999999999,0.0207,0.0683125,0.1533325
"7946",0.1438225,0.165285,0.0872475,0.0247533333333333,0.01682,0.00104749999999999,0.00421,0.00807499999999999,0.00811000000000001,0.0207133333333333,0.06845,0.1547475
"7961",0.19673,0.20026,0.138195,0.0504946666666667,0.06813325,0.06756875,0.0648925,0.064144,0.05941825,0.062546,0.0722435,0.138555
"7966",NA,NA,NA,NA,NA,NA,NA,NA,NA,NA,NA,NA
"8096",0.14219,0.166785,0.0857275,0.0225666666666667,0.01659,0.0010775,0.004185,0.00754750000000001,0.00765250000000001,0.0205033333333333,0.0535,0.0868325
"8104",0.0333475,0.012445,0.035305,0.01817,0.0274925,0.023295,0.020255,0.0216225,0.0218525,0.0238533333333333,0.0081225,0.01448
"8122",0.0312366666666667,0.016,0.0395075,0.0203366666666667,0.02880975,0.0236525,0.021525,0.02223,0.0223775,0.0258866666666667,0.00823999999999999,0.0144625
"8124",0.03388,0.0169775,0.03959,0.0196333333333333,0.028969,0.023695,0.021665,0.02229,0.0223325,0.0260666666666667,0.008965,0.012835
"8126",0.18122,0.19812,0.13745,0.050048,0.06811325,0.06768125,0.06488,0.0639015,0.05974325,0.0625626666666667,0.0616735,0.09942
"8261",0.0216025,0.01924,0.03956,0.0196333333333333,0.02859675,0.0236575,0.0214575,0.0222625,0.0223525,0.0257266666666667,0.0079525,0.011035
"8328",2.49999999998862e-06,0,2.49999999998862e-06,0,0,0,0,0,0,0,0,2.49999999998862e-06
"8332",-2.50000000001638e-06,2.49999999998862e-06,0,0,0,0,0,0,0,0,0,-2.5000000000025e-06
"8333",0,2.50000000001638e-06,0,0,0,0,0,0,0,0,0,2.5000000000025e-06
"8508",0.141345,0.162915,0.08401,0.0219266666666667,0.0167275,0.000830000000000004,0.0040825,0.00833250000000001,0.00795249999999999,0.02034,0.0701,0.1464775
"8675",0.129055,0.16809,0.0874225,0.0231633333333333,0.016145,0.000934999999999991,0.00422000000000001,0.00705500000000001,0.00660999999999999,0.0195966666666667,0.05568,0.0843775
"8833",9.9999999999989e-05,0.01912,0.00940750000000001,0.00746466666666667,0.02322725,0.04237875,0.0384225,0.0342315,0.03226575,0.0179693333333333,-0.000971499999999997,-0.00229250000000001
"9030",-2.77555756156289e-17,2.50000000001638e-06,0,0,0,0,0,0,0,0,0,0
"9032",-2.49999999998862e-06,-4.99999999997724e-06,0,0,0,0,0,0,0,0,0,0
"9038",0,2.49999999998862e-06,0,0,0,0,0,0,0,0,0,0
"9040",-7.50000000002138e-06,0,-2.5000000000025e-06,0,0,0,0,0,0,0,0,-2.5000000000025e-06
"9104",0,0,0,0,0,0,0,0,0,0,0,0
"9174",-2.49999999998862e-06,-2.5000000000025e-06,0,0,0,0,0,0,0,0,0,2.5000000000025e-06
"9188",-5.000000000005e-06,-5.000000000005e-06,0,0,0,0,0,0,0,0,0,0
"9189",0,-2.49999999996087e-06,0,0,0,0,0,0,0,0,0,-2.5000000000025e-06
"9190",-2.49999999998862e-06,0,0,0,0,0,0,0,0,0,0,0
"9192",0.18852,0.17309,0.0643525,0.00984333333333332,0.00614749999999999,0.0066575,0.01934,0.023935,0.0247475,0.0244033333333333,0.080245,0.16676
"9193",0.33046,0.32246,0.1455225,0.0307466666666667,0.022645,0.00719,0.023515,0.0332675,0.03194,0.0437366666666667,0.15103,0.2955825
"9194",0.3308525,0.32364,0.14679,0.03093,0.0228175,0.0071975,0.023475,0.03323,0.031995,0.04386,0.15392,0.2941825
"9195",0.33297,0.31569,0.1473575,0.03112,0.022995,0.00720749999999999,0.023435,0.033195,0.0320425,0.0439866666666667,0.15473,0.2946725
"9197",0.34042,0.3187475,0.1416125,0.03152,0.02336,0.00721499999999999,0.0233375,0.0331025,0.032145,0.0442566666666667,0.1522025,0.29678
"9198",-2.49999999998862e-06,-2.5000000000025e-06,0,0,0,0,0,0,0,0,0,0
"9201",-0.3921875,-0.37508,-0.17364,-0.0616346666666667,-0.07612575,-0.07416375,-0.0843925,-0.0897515,-0.08558825,-0.087916,-0.147256,-0.32259
"9345",NA,NA,NA,NA,NA,NA,NA,NA,NA,NA,NA,NA
"9349",0.14201,0.157475,0.077445,0.0211566666666667,0.0163675,0.000587499999999998,0.0040525,0.00874,0.00736249999999999,0.0195333333333333,0.068635,0.13376
"9350",0.13894,0.1580125,0.0762,0.0212,0.01637,0.00059,0.0040475,0.0087,0.0073925,0.01956,0.0709725,0.13421
"9351",0.1394675,0.1584975,0.07432,0.0212433333333333,0.0163725,0.000597500000000001,0.004045,0.0086675,0.00743000000000001,0.0195833333333333,0.0687125,0.1330425
"9354",0.137515,0.15981,0.075305,0.0213933333333333,0.0163625,0.000602500000000006,0.0040325,0.0085525,0.0074875,0.0196333333333333,0.068555,0.1326025
"9356",0.182405,0.188385,0.0757075,0.01425,0.00990250000000001,0.0063825,0.0176625,0.02315,0.0258925,0.0274966666666667,0.0713725,0.1699875
"9357",0.1807175,0.187905,0.075,0.0144133333333333,0.0100225,0.0063525,0.0175425,0.0230675,0.0259575,0.0276533333333333,0.0717075,0.1629575
"9360",0.3653525,0.36518,0.1809775,0.05505,0.0532925,0.0297775,0.040875,0.053415,0.0562825,0.0721633333333333,0.14278,0.305505
"9505",0,0,0,0,0,0,0,0,0,0,0,0
"9509",0.3279875,0.357325,0.1778475,0.0380833333333333,0.0271825,0.00667499999999999,0.0203225,0.030255,0.0339175,0.0485933333333333,0.137285,0.35039
"9510",0.330155,0.358395,0.179535,0.0382533333333333,0.0272425,0.0066425,0.0202075,0.0301225,0.033935,0.0487,0.14017,0.360835
"9511",0.3366775,0.35948,0.181285,0.03841,0.0273025,0.00661750000000001,0.020105,0.029995,0.0339425,0.0487966666666667,0.13774,0.354915
"9513",0.3307475,0.3614725,0.1814075,0.03872,0.0274175,0.00657749999999999,0.0198975,0.02975,0.0339375,0.04893,0.1325675,0.33932
"9519",0.1794375,0.1831775,0.1175025,0.0415933333333333,0.0436775,0.024455,0.025895,0.030865,0.029045,0.0443966666666667,0.074095,0.13836
"9607",2.49999999998862e-06,-2.5000000000025e-06,-2.5000000000025e-06,0,0,0,0,0,0,0,0,0
"9660",0.1968625,0.2005925,0.1317125,0.049698,0.06832075,0.06739125,0.06534,0.064819,0.05961325,0.0625526666666667,0.067661,0.1477325
"9664",0.142175,0.167365,0.085505,0.0229666666666667,0.0162,0.000672500000000006,0.00436999999999999,0.00781499999999999,0.00644750000000001,0.01832,0.054665,0.0954425
"9671",0.1737625,0.1744075,0.11307,0.0422033333333333,0.04452,0.025165,0.02708,0.0315925,0.0283625,0.04461,0.0611375,0.11045
"9672",0.1822175,0.1836075,0.1078475,0.0422566666666667,0.044596,0.0252075,0.027155,0.0316125,0.0282675,0.0446266666666667,0.0615325,0.1132875
"9673",0.140715,0.16725,0.0769875,0.0230466666666667,0.016245,0.000789999999999999,0.00458749999999999,0.00781,0.0059775,0.0174866666666667,0.0544475,0.0930375
"9674",0.3387425,0.3864275,0.18347,0.0586366666666667,0.05619775,0.031035,0.0417025,0.05243,0.0544975,0.0738733333333333,0.12803,0.22606
"9763",0.33204,0.32425,0.13197,0.03205,0.0231375,0.0071475,0.0234275,0.0334425,0.0319575,0.0438266666666667,0.1614,0.30619
"9766",-2.49999999998862e-06,-2.50000000001638e-06,0,0,0,0,0,0,0,0,0,0
"9842",-0.0141925,-0.01854,-0.0048725,-0.003928,-0.02270925,-0.04223625,-0.03747,-0.0327915,-0.03372575,-0.0176086666666667,0.001414,0.00441500000000001
"9916",0.32566,0.3339525,0.1481775,0.03469,0.02507,0.007075,0.0224875,0.032645,0.0326275,0.04557,0.14284,0.3105725
"9917",0.1357775,0.152745,0.07415,0.0209766666666667,0.01604,0.000505000000000005,0.00409,0.00876,0.0072175,0.0191133333333333,0.065635,0.1232625
"9918",0.1358575,0.153525,0.073785,0.0210333333333333,0.01604,0.000507500000000001,0.004085,0.0087325,0.00723000000000001,0.0191266666666667,0.0664875,0.126785
"9927",0,-2.49999999998862e-06,0,0,0,0,0,0,0,0,0,0
"9983",0.14157,0.167905,0.0820025,0.0265466666666667,0.0158675,0.0007975,0.00529250000000001,0.00883249999999999,0.0047075,0.0171,0.0608825,0.08619
"9985",0.1429875,0.16809,0.078635,0.0225633333333333,0.0158725,0.000809999999999998,0.00533999999999999,0.0089,0.00463000000000001,0.01714,0.055595,0.07031
"9990",0.1715925,0.1907,0.1212125,0.0444766666666667,0.0456915,0.025465,0.0296475,0.03418,0.0260225,0.04499,0.062925,0.0859
"10081",0.1402675,0.1657175,0.0884475,0.0224866666666667,0.0159775,0.000524999999999998,0.0042975,0.00821499999999999,0.0067675,0.0184333333333333,0.0583525,0.0988
"2718",0,0,0,0,0,0,0,0,0,0,0,0
"2719",0,0,0,0,0,0,0,0,0,0,0,0
"2831",-2.49999999998862e-06,-2.50000000001638e-06,0,0,0,0,0,0,0,0,0,0
"3147",0.2008025,0.2059075,0.15378,0.0612613333333333,0.06757575,0.06804875,0.064895,0.0642415,0.05934575,0.0624693333333333,0.072243,0.14219
"3148",0.0264925,0.01826,0.023785,0.0222933333333333,0.031465,0.035415,0.028275,0.030765,0.0289125,0.02287,0.0021,-0.0253475
"3156",-0.1754,-0.18663,-0.1302025,-0.0538566666666667,-0.04851775,-0.0391725,-0.0362575,-0.037015,-0.0341575,-0.0439033333333333,-0.070365,-0.1306775
"3392",-2.50000000001638e-06,2.77555756156289e-17,-2.49999999998862e-06,0,0,0,0,0,0,0,0,0
"3412",0.178715,0.18573,0.1231425,0.04319,0.04704575,0.0346825,0.030095,0.036335,0.0342525,0.0434733333333333,0.075145,0.1464375
"3597",0,0,0,0,0,0,0,0,0,0,0,0
"3598",0,0,0,0,0,0,0,0,0,0,0,0
"3601",NA,NA,NA,NA,-0.06784575,-0.06829375,-0.0649525,-0.063554,-0.05945075,NA,NA,NA
"3676",-2.49999999998862e-06,0,0,0,0,0,0,0,0,0,0,0
"3681",-2.49999999998862e-06,-2.49999999998862e-06,0,0,0,0,0,0,0,0,0,0
"3735",0.0255325,0.014025,0.0210575,0.006938,0.0193035,0.03011375,0.0289875,0.027639,0.02590075,0.0184826666666667,-7.39999999999977e-05,0.0043725
"3736",0.0159225,0.012805,0.0194825,0.00709133333333333,0.01926425,0.03007375,0.0289375,0.0276215,0.02590825,0.018476,-0.000326499999999997,0.00906
"3738",0.036165,0.0223225,0.033625,0.0216766666666667,0.0323945,0.0351875,0.02951,0.0311425,0.0310275,0.02464,0.009105,0.0233725
"3815",-2.50000000001638e-06,0,0,0,0,0,0,0,0,0,0,0
"3816",2.50000000001638e-06,-2.50000000001638e-06,2.49999999998862e-06,0,0,0,0,0,0,0,0,0
"3819",-2.49999999998862e-06,2.49999999998862e-06,0,0,0,0,0,0,0,0,0,0
"3958",-2.49999999998862e-06,0,0,0,0,0,0,0,0,0,0,0
"4104",0,-7.50000000002138e-06,0,0,0,0,0,0,0,0,0,2.49999999998862e-06
"4105",0.21398,0.1902,0.0913025,0.00241,0.004215,0.00538,0.018625,0.0184325,0.0240675,0.0236433333333333,0.0772675,0.2120875
"4111",0.054265,0.0422075,0.05516,0.0301546666666667,0.05053325,0.06556875,0.058945,0.056569,0.05102075,0.040506,0.00986275,0.026715
"4240",2.50000000001638e-06,-7.49999999996587e-06,2.49999999998862e-06,0,0,0,0,0,0,0,0,0
"4241",0,-7.49999999999362e-06,0,0,0,0,0,0,0,0,0,0
"4242",0,-4.99999999997724e-06,0,0,0,0,0,0,0,0,0,0
"4244",-5.000000000005e-06,-4.99999999997724e-06,0,0,0,0,0,0,0,0,0,0
"4247",-0.1554725,-0.170135,-0.1065125,-0.0286833333333333,-0.0171175,-0.00202500000000001,-0.005955,-0.0101375,-0.00993499999999999,-0.0220066666666667,-0.0685625,-0.1477625
"4248",-0.1552225,-0.170205,-0.1045175,-0.0312266666666667,-0.0171175,-0.00204749999999999,-0.0059575,-0.010015,-0.00984999999999999,-0.02199,-0.0672775,-0.1478225
"4250",0.0527275,0.0421475,0.0482825,0.029248,0.05052325,0.06565125,0.059075,0.0565115,0.05093825,0.0404626666666667,0.0082585,0.002435
"4252",0.025,0.01145,0.02611,0.0200366666666667,0.028682,0.0274925,0.018505,0.024055,0.0240375,0.0212866666666667,0.0105825,0.0096925
"4260",-0.151395,-0.1702975,-0.1011625,-0.0352566666666667,-0.0170375,-0.002285,-0.006005,-0.00851999999999999,-0.00849499999999999,-0.0217166666666667,-0.060565,-0.1000925
"4261",-0.3662225,-0.3750325,-0.221055,-0.0586066666666667,-0.05171775,-0.0360275,-0.04533,-0.0531875,-0.058185,-0.0677133333333333,-0.1459125,-0.2971525
"4389",-0.155015,-0.1698,-0.10441,-0.03097,-0.017145,-0.00198,-0.0058675,-0.0100425,-0.00986249999999999,-0.02197,-0.06819,-0.14591
"4391",0.0497875,0.0422325,0.0474575,0.0291733333333333,0.05052825,0.06569875,0.05917,0.0564965,0.05092825,0.0404826666666667,0.0073985,0.0073725
"4398",-0.1999275,-0.1986675,-0.102095,-0.00101666666666666,-0.00487249999999999,-0.00510749999999999,-0.01862,-0.019375,-0.0249425,-0.0238666666666667,-0.0790225,-0.1792425
"4401",NA,NA,NA,NA,NA,NA,NA,NA,NA,NA,NA,NA
"4406",0,0,-2.5000000000025e-06,0,0,0,0,0,0,0,0,0
"4415",0.1498,0.1681275,0.0916825,0.0278866666666667,0.0168725,0.0024675,0.00599499999999999,0.0070525,0.00672499999999999,0.02119,0.0676625,0.123465
"4544",-0.3723975,-0.37743,-0.199235,-0.0585666666666667,-0.051676,-0.0350725,-0.0443575,-0.05259,-0.05787,-0.06765,-0.1412,-0.2768725
"4552",0,0,0,0,0,0,0,0,0,0,0,0
"4556",0.149975,0.167905,0.0922625,0.0251833333333333,0.01688,0.002405,0.005895,0.0071175,0.0068475,0.02121,0.068415,0.1259025
"4557",0.0284225,0.01414,0.0312225,0.0197733333333333,0.0297325,0.0298,0.0233275,0.0264625,0.0255775,0.0225333333333333,0.0068825,0.01861
"4558",-0.1793075,-0.177425,-0.13024,-0.0473333333333333,-0.046645,-0.032375,-0.0294825,-0.03353,-0.032285,-0.0437266666666667,-0.0729075,-0.1236425
"4559",-0.1773375,-0.182925,-0.12571,-0.0478033333333333,-0.04669125,-0.0325225,-0.02973,-0.0335625,-0.03227,-0.04374,-0.07372,-0.1365975
"4563",0.027715,0.01537,0.0232775,0.02001,0.03009,0.0305725,0.024675,0.0272175,0.02631,0.02292,0.0101,0.00287749999999999
"4568",0,0,0,0,0,0,0,0,0,0,0,0
"4569",0.012025,0.021925,0.010965,0.00824133333333333,0.02074075,0.03413875,0.0330375,0.0299965,0.02704075,0.0186093333333333,-0.00057925,0.0099375
"4742",0,0,0,0,0,0,0,0,0,0,0,0
"4744",0,0,0,0,0,0,0,0,0,0,0,0
"4745",NA,NA,NA,NA,-0.05232075,-0.06552375,-0.0591425,-0.058624,-0.05749075,NA,NA,NA
"4800",0,7.50000000002138e-06,0,0,0,0,0,0,0,0,0,0
"4802",2.50000000001638e-06,-2.50000000001638e-06,-2.5000000000025e-06,0,0,0,0,0,0,0,0,0
"4803",2.50000000001638e-06,4.99999999997724e-06,0,0,0,0,0,0,0,0,0,0
"4804",0,2.77555756156289e-17,0,0,0,0,0,0,0,0,0,0
"4808",0.21304,0.185095,0.0946325,0.00529666666666667,0.00437250000000001,0.005865,0.0186375,0.0190025,0.024015,0.0237466666666667,0.07943,0.212895
"4809",0.2133375,0.1859825,0.0927075,0.00528333333333333,0.00435,0.00584,0.0186675,0.01908,0.0241,0.0237,0.0826825,0.1975375
"4810",0.15465,0.168185,0.104195,0.03235,0.0172275,0.00176999999999999,0.0056175,0.0102675,0.0099625,0.0219233333333333,0.065855,0.1425675
"4811",2.5000000000025e-06,0,0,0,0,0,0,0,0,0,0,-2.49999999998862e-06
"4961",0,0,0,0,0,0,0,0,0,0,0,0
"4965",-0.15129,-0.1692075,-0.10101,-0.0394333333333333,-0.017125,-0.001975,-0.0055575,-0.00879249999999999,-0.00884749999999999,-0.02168,-0.06493,-0.1392775
"4966",-0.150915,-0.16834,-0.09175,-0.03053,-0.017115,-0.001995,-0.005565,-0.00868500000000001,-0.00874,-0.0216533333333333,-0.0579675,-0.1200825
"4968",-0.151315,-0.1692725,-0.0901725,-0.0270233333333333,-0.01709,-0.0020275,-0.00557000000000001,-0.00846499999999999,-0.0085225,-0.0216233333333333,-0.05448,-0.0970375
"4973",0,0,0,0,0,0,0,0,0,0,0,0
"4974",0,0,0,0,0,0,0,0,0,0,0,0
"4975",-0.150715,-0.165285,-0.0876475,-0.0228866666666667,-0.0169825,-0.002155,-0.005595,-0.00772250000000001,-0.0077075,-0.0214,-0.0598825,-0.0920275
"5165",NA,NA,NA,NA,0,0,0,0,0,NA,NA,NA
"5225",2.49999999998862e-06,0,0,0,0,0,0,0,0,0,0,0
"5226",0,2.77555756156289e-17,2.5000000000025e-06,0,0,0,0,0,0,0,0,0
"5227",2.50000000001638e-06,2.77555756156289e-17,0,0,0,0,0,0,0,0,0,0
"5228",-2.49999999998862e-06,0,0,0,0,0,0,0,0,0,0,2.49999999998862e-06
"5230",NA,NA,NA,NA,NA,NA,NA,NA,NA,NA,NA,NA
"5231",0.1543125,0.166215,0.105795,0.0353166666666667,0.0172875,0.0015625,0.00540499999999999,0.0104325,0.009925,0.0224166666666667,0.0706125,0.1573425
"5401",0,0,0,0,0,0,0,0,0,0,0,0
"5402",0,0,0,0,0,0,0,0,0,0,0,0
"5404",0.0255775,0.0119475,0.0199475,0.0185266666666667,0.028736,0.0267475,0.02067,0.023845,0.02394,0.02243,0.00727,0.01862
"5671",0.050815,0.0400625,0.0493625,0.0290346666666667,0.05074075,0.06596375,0.05981,0.056509,0.05104325,0.0408893333333333,0.005596,0.0192225
"5672",-0.149675,-0.167715,-0.09031,-0.0250733333333333,-0.0171625,-0.0017075,-0.00517,-0.00880750000000001,-0.00887499999999999,-0.0215633333333333,-0.061815,-0.1131675
"5677",0.1515975,0.159125,0.089425,0.0244733333333333,0.0170825,0.0017975,0.00518250000000001,0.00832250000000001,0.008445,0.0215166666666667,0.06558,0.111875
"5678",2.5000000000025e-06,0,0,0,0,0,0,0,0,0,0,0
"5929",-2.49999999998862e-06,-4.99999999997724e-06,0,0,0,0,0,0,0,0,0,0
"6122",0.0521666666666667,0.0341575,0.0457925,0.0287546666666667,0.05134575,0.06583875,0.05981,0.0573765,0.05292575,0.0418326666666667,0.00801225,0.02083
"6542",0.0469575,0.0384725,0.0477425,0.028658,0.05130325,0.06597375,0.06005,0.0570965,0.05226325,0.0416733333333333,0.0067985,0.00919500000000001
"6716",0.16744,0.180815,0.1236475,0.04572,0.0456815,0.027,0.02738,0.029325,0.028665,0.0443166666666667,0.0733375,0.125905
"6787",2.50000000001638e-06,-2.49999999998862e-06,-2.49999999998862e-06,0,0,0,0,0,0,0,0,0
"6835",0.0343,0.023515,0.0343725,0.01849,0.02852,0.02486,0.021305,0.0228475,0.023325,0.0236933333333333,0.0087575,0.0137425
"6841",0,0,0,0,0,0,0,0,0,0,0,0
"6945",0,0,0,0,0,0,0,0,0,0,0,0
"6947",0.022315,0.00678250000000001,0.0238425,0.0177266666666667,0.02667,0.02242,0.01656,0.0195825,0.0217625,0.0218833333333333,0.0088625,0.00361249999999998
"7074",0.1452625,0.1604225,0.0931225,0.0296333333333333,0.0172075,0.0010225,0.004535,0.00949999999999999,0.00873,0.0288633333333333,0.0696925,0.12077
"7536",0.0330525,0.0116975,0.0342925,0.0181133333333333,0.02764,0.0236325,0.02006,0.0216525,0.022135,0.0234733333333333,0.0074775,0.0127675
"8669",0.0303725,0.013355,0.0345025,0.0182833333333333,0.02731,0.023255,0.0205325,0.0218675,0.0217325,0.0241933333333333,0.00749500000000001,0.01518
"8938",0.1365075,0.16333,0.08355,0.0220466666666667,0.016495,0.000734999999999993,0.00403750000000001,0.0081125,0.0077275,0.0200366666666667,0.06224,0.1293125
"10143",0.1761975,0.1938,0.126025,0.0540433333333333,0.045944,0.027025,0.0324275,0.036375,0.026395,0.045055,0.0717925,0.108315
"10144",0.1857275,0.181355,0.1171525,0.04928,0.04597775,0.027205,0.0327075,0.036565,0.026455,0.0450586666666667,0.067155,0.105235
"10545",0.141585,0.1681925,0.07465,0.0227566666666667,0.0161825,0.000944999999999994,0.00574500000000001,0.00942250000000001,0.00504499999999999,0.0166733333333333,0.05234,0.0677525
"11090",0,0,0,0,0,0,0,0,0,0,0,0
